Year,Инмарко,Талосто,Айсберри,Русский холод,Нестле,Снежный городок,АльтерВест,Челны-Холод,Белгородский хладокомбинат,Айсберг (Тула),Липецкий хладокомбинат,Холод (Пятигорск),Петрохолод,Хладокомбинат №1 (Санкт-Петербург),Пензахолод,Волгомясомолторг,Хладокомбинат №3 (Екатеринбург),Краснодарский хладокомбинат,Иней (Ставрополь),Подольское мороженое,другие,Итого
2000,10.6,8.5,5.4,5,5,3.4,3.3,2.9,2.7,2.6,2.5,2.5,2.4,2.4,2.1,1.7,1.5,1.5,1.5,1.3,31.3,1
2001,11.1194,8.9165,5.6646,5.245,5.245,3.5666,3.4617,3.0421,2.8323,2.7274,2.6225,2.6225,2.5176,2.5176,2.2029,1.7833,1.5735,1.5735,1.5735,1.3637,32.8337,1.049
2002,11.8310416,9.487156,6.0271344,5.58068,5.58068,3.7948624,3.6832488,3.2367944,3.0135672,2.9019536,2.79034,2.79034,2.6787264,2.6787264,2.3438856,1.8974312,1.674204,1.674204,1.674204,1.4509768,34.9350568,1.116136
2003,12.35160743,9.904590864,6.292328314,5.82622992,5.82622992,3.961836346,3.845311747,3.379213354,3.146164157,3.029639558,2.91311496,2.91311496,2.796590362,2.796590362,2.447016566,1.980918173,1.747868976,1.747868976,1.747868976,1.514819779,36.4721993,1.165245984
2004,12.64804601,10.14230104,6.443344193,5.966059438,5.966059438,4.056920418,3.937599229,3.460314474,3.221672097,3.102350908,2.983029719,2.983029719,2.86370853,2.86370853,2.505744964,2.028460209,1.789817831,1.789817831,1.789817831,1.551175454,37.34753208,1.193211888
2005,12.68599015,10.17272795,6.462674226,5.983957616,5.983957616,4.069091179,3.949412027,3.470695418,3.231337113,3.111657961,2.991978808,2.991978808,2.872299656,2.872299656,2.513262199,2.03454559,1.795187285,1.795187285,1.795187285,1.55582898,37.45957468,1.196791523
