Year,другие,Подольское мороженое,Иней (Ставрополь),Краснодарский хладокомбинат,Хладокомбинат №3 (Екатеринбург),Волгомясомолторг,Пензахолод,Хладокомбинат №1 (Санкт-Петербург),Петрохолод,Холод (Пятигорск),Липецкий хладокомбинат,Айсберг (Тула),Белгородский хладокомбинат,Челны-Холод,АльтерВест,Снежный городок,Нестле,Русский холод,Айсберри,Талосто,Инмарко
2000,103.6754707,4.306009965,4.968473036,4.968473036,4.968473036,5.630936108,6.955862251,7.949556858,7.949556858,8.280788394,8.280788394,8.61201993,8.943251465,9.605714537,10.93064068,11.26187222,16.56157679,16.56157679,17.88650293,28.15468054,35.11054279
2001,108.7555688,4.517004453,5.211928215,5.211928215,5.211928215,5.906851977,7.296699501,8.339085144,8.339085144,8.686547025,8.686547025,9.034008906,9.381470787,10.07639455,11.46624207,11.81370395,17.37309405,17.37309405,18.76294157,29.53425989,36.83095939
2002,115.7159252,4.806092738,5.545491621,5.545491621,5.545491621,6.284890504,7.763688269,8.872786593,8.872786593,9.242486035,9.242486035,9.612185476,9.981884918,10.7212838,12.20008157,12.56978101,18.48497207,18.48497207,19.96376984,31.42445252,39.18814079
2003,120.8074259,5.017560818,5.789493252,5.789493252,5.789493252,6.561425687,8.105290552,9.263189205,9.263189205,9.64915542,9.64915542,10.03512164,10.42108785,11.19302029,12.73688515,13.12285137,19.29831084,19.29831084,20.84217571,32.80712843,40.91241898
2004,123.7068041,5.137982279,5.928441089,5.928441089,5.928441089,6.718899903,8.299817526,9.485505744,9.485505744,9.88073515,9.88073515,10.27596456,10.67119396,11.46165277,13.0425704,13.43779981,19.7614703,19.7614703,21.34238792,33.5944995,41.89431704
2005,124.0779245,5.153396224,5.946226414,5.946226414,5.946226414,6.739056603,8.324716979,9.513962262,9.513962262,9.910377355,9.910377355,10.30679245,10.70320754,11.49603773,13.08169811,13.4781132,19.82075471,19.82075471,21.40641509,33.69528302,42.02
